time,L2_distance_analytic_temp_to_field,L2_norm_temp_analytical,heat_source,max_heat_source,max_tally_rel_err,ratio_diff_to_analytical_norm
0,0,0,0,0,0,0
1,418.05480871907,3430.7814329002,1602,15.741988472545,0.0099821742228615,0.12185410726257
2,5.7693188066235,3430.7814329002,1602,15.737053554853,0.009980112130242,0.0016816340298736
3,5.7682141325659,3430.7814329002,1602,15.650730654263,0.0099806608655655,0.0016813120408227
4,5.730123151458,3430.7814329002,1602,15.630010587689,0.0099736642141754,0.0016702093279705
